1001,เขตพระนคร,Khet Phra Nakhon,1
1002,เขตดุสิต,Khet Dusit,1
1003,เขตหนองจอก,Khet Nong Chok,1
1004,เขตบางรัก,Khet Bang Rak,1
1005,เขตบางเขน,Khet Bang Khen,1
1006,เขตบางกะปิ,Khet Bang Kapi,1
1007,เขตปทุมวัน,Khet Pathum Wan,1
1008,เขตป้อมปราบศัตรูพ่าย,Khet Pom Prap Sattru Phai,1
1009,เขตพระโขนง,Khet Phra Khanong,1
1010,เขตมีนบุรี,Khet Min Buri,1
1011,เขตลาดกระบัง,Khet Lat Krabang,1
1012,เขตยานนาวา,Khet Yan Nawa,1
1013,เขตสัมพันธวงศ์,Khet Samphanthawong,1
1014,เขตพญาไท,Khet Phaya Thai,1
1015,เขตธนบุรี,Khet Thon Buri,1
1016,เขตบางกอกใหญ่,Khet Bangkok Yai,1
1017,เขตห้วยขวาง,Khet Huai Khwang,1
1018,เขตคลองสาน,Khet Khlong San,1
1019,เขตตลิ่งชัน,Khet Taling Chan,1
1020,เขตบางกอกน้อย,Khet Bangkok Noi,1
1021,เขตบางขุนเทียน,Khet Bang Khun Thian,1
1022,เขตภาษีเจริญ,Khet Phasi Charoen,1
1023,เขตหนองแขม,Khet Nong Khaem,1
1024,เขตราษฎร์บูรณะ,Khet Rat Burana,1
1025,เขตบางพลัด,Khet Bang Phlat,1
1026,เขตดินแดง,Khet Din Daeng,1
1027,เขตบึงกุ่ม,Khet Bueng Kum,1
1028,เขตสาทร,Khet Sathon,1
1029,เขตบางซื่อ,Khet Bang Sue,1
1030,เขตจตุจักร,Khet Chatuchak,1
1031,เขตบางคอแหลม,Khet Bang Kho Laem,1
1032,เขตประเวศ,Khet Prawet,1
1033,เขตคลองเตย,Khet Khlong Toei,1
1034,เขตสวนหลวง,Khet Suan Luang,1
1035,เขตจอมทอง,Khet Chom Thong,1
1036,เขตดอนเมือง,Khet Don Mueang,1
1037,เขตราชเทวี,Khet Ratchathewi,1
1038,เขตลาดพร้าว,Khet Lat Phrao,1
1039,เขตวัฒนา,Khet Watthana,1
1040,เขตบางแค,Khet Bang Khae,1
1041,เขตหลักสี่,Khet Lak Si,1
1042,เขตสายไหม,Khet Sai Mai,1
1043,เขตคันนายาว,Khet Khan Na Yao,1
1044,เขตสะพานสูง,Khet Saphan Sung,1
1045,เขตวังทองหลาง,Khet Wang Thonglang,1
1046,เขตคลองสามวา,Khet Khlong Sam Wa,1
1047,เขตบางนา,Khet Bang Na,1
1048,เขตทวีวัฒนา,Khet Thawi Watthana,1
1049,เขตทุ่งครุ,Khet Thung Khru,1
1050,เขตบางบอน,Khet Bang Bon,1
1081,*บ้านทะวาย,*Bantawai,1
1101,เมืองสมุทรปราการ,Mueang Samut Prakan,2
1102,บางบ่อ,Bang Bo,2
1103,บางพลี,Bang Phli,2
1104,พระประแดง,Phra Pradaeng,2
1105,พระสมุทรเจดีย์,Phra Samut Chedi,2
1106,บางเสาธง,Bang Sao Thong,2
1201,เมืองนนทบุรี,Mueang Nonthaburi,3
1202,บางกรวย,Bang Kruai,3
1203,บางใหญ่,Bang Yai,3
1204,บางบัวทอง,Bang Bua Thong,3
1205,ไทรน้อย,Sai Noi,3
1206,ปากเกร็ด,Pak Kret,3
1251,เทศบาลนครนนทบุรี (สาขาแขวงท่าทราย)*,Tetsaban Nonthaburi,3
1297,เทศบาลเมืองปากเกร็ด*,Tetsaban Pak Kret,3
1301,เมืองปทุมธานี,Mueang Pathum Thani,4
1302,คลองหลวง,Khlong Luang,4
1303,ธัญบุรี,Thanyaburi,4
1304,หนองเสือ,Nong Suea,4
1305,ลาดหลุมแก้ว,Lat Lum Kaeo,4
1306,ลำลูกกา,Lam Luk Ka,4
1307,สามโคก,Sam Khok,4
1351,ลำลูกกา (สาขาตำบลคูคต)*,Khlong Luang(Kukod),4
1401,พระนครศรีอยุธยา,Phra Nakhon Si Ayutthaya,5
1402,ท่าเรือ,Tha Ruea,5
1403,นครหลวง,Nakhon Luang,5
1404,บางไทร,Bang Sai,5
1405,บางบาล,Bang Ban,5
1406,บางปะอิน,Bang Pa-in,5
1407,บางปะหัน,Bang Pahan,5
1408,ผักไห่,Phak Hai,5
1409,ภาชี,Phachi,5
1410,ลาดบัวหลวง,Lat Bua Luang,5
1411,วังน้อย,Wang Noi,5
1412,เสนา,Sena,5
1413,บางซ้าย,Bang Sai,5
1414,อุทัย,Uthai,5
1415,มหาราช,Maha Rat,5
1416,บ้านแพรก,Ban Phraek,5
1501,เมืองอ่างทอง,Mueang Ang Thong,6
1502,ไชโย,Chaiyo,6
1503,ป่าโมก,Pa Mok,6
1504,โพธิ์ทอง,Pho Thong,6
1505,แสวงหา,Sawaeng Ha,6
1506,วิเศษชัยชาญ,Wiset Chai Chan,6
1507,สามโก้,Samko,6
1601,เมืองลพบุรี,Mueang Lop Buri,7
1602,พัฒนานิคม,Phatthana Nikhom,7
1603,โคกสำโรง,Khok Samrong,7
1604,ชัยบาดาล,Chai Badan,7
1605,ท่าวุ้ง,Tha Wung,7
1606,บ้านหมี่,Ban Mi,7
1607,ท่าหลวง,Tha Luang,7
1608,สระโบสถ์,Sa Bot,7
1609,โคกเจริญ,Khok Charoen,7
1610,ลำสนธิ,Lam Sonthi,7
1611,หนองม่วง,Nong Muang,7
1681,*อ.บ้านเช่า  จ.ลพบุรี,*Amphoe Ban Chao,7
1701,เมืองสิงห์บุรี,Mueang Sing Buri,8
1702,บางระจัน,Bang Rachan,8
1703,ค่ายบางระจัน,Khai Bang Rachan,8
1704,พรหมบุรี,Phrom Buri,8
1705,ท่าช้าง,Tha Chang,8
1706,อินทร์บุรี,In Buri,8
1801,เมืองชัยนาท,Mueang Chai Nat,9
1802,มโนรมย์,Manorom,9
1803,วัดสิงห์,Wat Sing,9
1804,สรรพยา,Sapphaya,9
1805,สรรคบุรี,Sankhaburi,9
1806,หันคา,Hankha,9
1807,หนองมะโมง,Nong Mamong,9
1808,เนินขาม,Noen Kham,9
1901,เมืองสระบุรี,Mueang Saraburi,10
1902,แก่งคอย,Kaeng Khoi,10
1903,หนองแค,Nong Khae,10
1904,วิหารแดง,Wihan Daeng,10
1905,หนองแซง,Nong Saeng,10
1906,บ้านหมอ,Ban Mo,10
1907,ดอนพุด,Don Phut,10
1908,หนองโดน,Nong Don,10
1909,พระพุทธบาท,Phra Phutthabat,10
1910,เสาไห้,Sao Hai,10
1911,มวกเหล็ก,Muak Lek,10
1912,วังม่วง,Wang Muang,10
1913,เฉลิมพระเกียรติ,Chaloem Phra Kiat,10
2001,เมืองชลบุรี,Mueang Chon Buri,11
2002,บ้านบึง,Ban Bueng,11
2003,หนองใหญ่,Nong Yai,11
2004,บางละมุง,Bang Lamung,11
2005,พานทอง,Phan Thong,11
2006,พนัสนิคม,Phanat Nikhom,11
2007,ศรีราชา,Si Racha,11
2008,เกาะสีชัง,Ko Sichang,11
2009,สัตหีบ,Sattahip,11
2010,บ่อทอง,Bo Thong,11
2011,เกาะจันทร์,Ko Chan,11
2051,สัตหีบ (สาขาตำบลบางเสร่)*,Sattahip(Bang Sre)*,11
2072,ท้องถิ่นเทศบาลเมืองหนองปรือ*,Tong Tin Tetsaban Mueang Nong Prue*,11
2093,เทศบาลตำบลแหลมฉบัง*,Tetsaban Tambon Lamsabang*,11
2099,เทศบาลเมืองชลบุรี*,Mueang Chon Buri,11
2101,เมืองระยอง,Mueang Rayong,12
2102,บ้านฉาง,Ban Chang,12
2103,แกลง,Klaeng,12
2104,วังจันทร์,Wang Chan,12
2105,บ้านค่าย,Ban Khai,12
2106,ปลวกแดง,Pluak Daeng,12
2107,เขาชะเมา,Khao Chamao,12
2108,นิคมพัฒนา,Nikhom Phatthana,12
2151,สาขาตำบลมาบข่า*,Saka Tambon Mabka,12
2201,เมืองจันทบุรี,Mueang Chanthaburi,13
2202,ขลุง,Khlung,13
2203,ท่าใหม่,Tha Mai,13
2204,โป่งน้ำร้อน,Pong Nam Ron,13
2205,มะขาม,Makham,13
2206,แหลมสิงห์,Laem Sing,13
2207,สอยดาว,Soi Dao,13
2208,แก่งหางแมว,Kaeng Hang Maeo,13
2209,นายายอาม,Na Yai Am,13
2210,เขาคิชฌกูฏ,Khoa Khitchakut,13
2281,*กิ่ง อ.กำพุธ  จ.จันทบุรี,*King Amphoe Kampud,13
2301,เมืองตราด,Mueang Trat,14
2302,คลองใหญ่,Khlong Yai,14
2303,เขาสมิง,Khao Saming,14
2304,บ่อไร่,Bo Rai,14
2305,แหลมงอบ,Laem Ngop,14
2306,เกาะกูด,Ko Kut,14
2307,เกาะช้าง,Ko Chang,14
2401,เมืองฉะเชิงเทรา,Mueang Chachoengsao,15
2402,บางคล้า,Bang Khla,15
2403,บางน้ำเปรี้ยว,Bang Nam Priao,15
2404,บางปะกง,Bang Pakong,15
2405,บ้านโพธิ์,Ban Pho,15
2406,พนมสารคาม,Phanom Sarakham,15
2407,ราชสาส์น,Ratchasan,15
2408,สนามชัยเขต,Sanam Chai Khet,15
2409,แปลงยาว,Plaeng Yao,15
2410,ท่าตะเกียบ,Tha Takiap,15
2411,คลองเขื่อน,Khlong Khuean,15
2501,เมืองปราจีนบุรี,Mueang Prachin Buri,16
2502,กบินทร์บุรี,Kabin Buri,16
2503,นาดี,Na Di,16
2504,*สระแก้ว,Sa Kaeo,16
2505,*วังน้ำเย็น,Wang Nam Yen,16
2506,บ้านสร้าง,Ban Sang,16
2507,ประจันตคาม,Prachantakham,16
2508,ศรีมหาโพธิ,Si Maha Phot,16
2509,ศรีมโหสถ,Si Mahosot,16
2510,*อรัญประเทศ,Aranyaprathet,16
2511,*ตาพระยา,Ta Phraya,16
2512,*วัฒนานคร,Watthana Nakhon,16
2513,*คลองหาด,Khlong Hat,16
2601,เมืองนครนายก,Mueang Nakhon Nayok,17
2602,ปากพลี,Pak Phli,17
2603,บ้านนา,Ban Na,17
2604,องครักษ์,Ongkharak,17
2701,เมืองสระแก้ว,Mueang Sa Kaeo,18
2702,คลองหาด,Khlong Hat,18
2703,ตาพระยา,Ta Phraya,18
2704,วังน้ำเย็น,Wang Nam Yen,18
2705,วัฒนานคร,Watthana Nakhon,18
2706,อรัญประเทศ,Aranyaprathet,18
2707,เขาฉกรรจ์,Khao Chakan,18
2708,โคกสูง,Khok Sung,18
2709,วังสมบูรณ์,Wang Sombun,18
3001,เมืองนครราชสีมา,Mueang Nakhon Ratchasima,19
3002,ครบุรี,Khon Buri,19
3003,เสิงสาง,Soeng Sang,19
3004,คง,Khong,19
3005,บ้านเหลื่อม,Ban Lueam,19
3006,จักราช,Chakkarat,19
3007,โชคชัย,Chok Chai,19
3008,ด่านขุนทด,Dan Khun Thot,19
3009,โนนไทย,Non Thai,19
3010,โนนสูง,Non Sung,19
3011,ขามสะแกแสง,Kham Sakaesaeng,19
3012,บัวใหญ่,Bua Yai,19
3013,ประทาย,Prathai,19
3014,ปักธงชัย,Pak Thong Chai,19
3015,พิมาย,Phimai,19
3016,ห้วยแถลง,Huai Thalaeng,19
3017,ชุมพวง,Chum Phuang,19
3018,สูงเนิน,Sung Noen,19
3019,ขามทะเลสอ,Kham Thale So,19
3020,สีคิ้ว,Sikhio,19
3021,ปากช่อง,Pak Chong,19
3022,หนองบุญมาก,Nong Bunnak,19
3023,แก้งสนามนาง,Kaeng Sanam Nang,19
3024,โนนแดง,Non Daeng,19
3025,วังน้ำเขียว,Wang Nam Khiao,19
3026,เทพารักษ์,Thepharak,19
3027,เมืองยาง,Mueang Yang,19
3028,พระทองคำ,Phra Thong Kham,19
3029,ลำทะเมนชัย,Lam Thamenchai,19
3030,บัวลาย,Bua Lai,19
3031,สีดา,Sida,19
3032,เฉลิมพระเกียรติ,Chaloem Phra Kiat,19
3049,ท้องถิ่นเทศบาลตำบลโพธิ์กลาง*,Pho Krang,19
3051,สาขาตำบลมะค่า-พลสงคราม*,Ma Ka-Pon Songkram*,19
3081,*โนนลาว,*Non Lao,19
3101,เมืองบุรีรัมย์,Mueang Buri Ram,20
3102,คูเมือง,Khu Mueang,20
3103,กระสัง,Krasang,20
3104,นางรอง,Nang Rong,20
3105,หนองกี่,Nong Ki,20
3106,ละหานทราย,Lahan Sai,20
3107,ประโคนชัย,Prakhon Chai,20
3108,บ้านกรวด,Ban Kruat,20
3109,พุทไธสง,Phutthaisong,20
3110,ลำปลายมาศ,Lam Plai Mat,20
3111,สตึก,Satuek,20
3112,ปะคำ,Pakham,20
3113,นาโพธิ์,Na Pho,20
3114,หนองหงส์,Nong Hong,20
3115,พลับพลาชัย,Phlapphla Chai,20
3116,ห้วยราช,Huai Rat,20
3117,โนนสุวรรณ,Non Suwan,20
3118,ชำนิ,Chamni,20
3119,บ้านใหม่ไชยพจน์,Ban Mai Chaiyaphot,20
3120,โนนดินแดง,Din Daeng,20
3121,บ้านด่าน,Ban Dan,20
3122,แคนดง,Khaen Dong,20
3123,เฉลิมพระเกียรติ,Chaloem Phra Kiat,20
3201,เมืองสุรินทร์,Mueang Surin,21
3202,ชุมพลบุรี,Chumphon Buri,21
3203,ท่าตูม,Tha Tum,21
3204,จอมพระ,Chom Phra,21
3205,ปราสาท,Prasat,21
3206,กาบเชิง,Kap Choeng,21
3207,รัตนบุรี,Rattanaburi,21
3208,สนม,Sanom,21
3209,ศีขรภูมิ,Sikhoraphum,21
3210,สังขะ,Sangkha,21
3211,ลำดวน,Lamduan,21
3212,สำโรงทาบ,Samrong Thap,21
3213,บัวเชด,Buachet,21
3214,พนมดงรัก,Phanom Dong Rak,21
3215,ศรีณรงค์,Si Narong,21
3216,เขวาสินรินทร์,Khwao Sinarin,21
3217,โนนนารายณ์,Non Narai,21
3301,เมืองศรีสะเกษ,Mueang Si Sa Ket,22
3302,ยางชุมน้อย,Yang Chum Noi,22
3303,กันทรารมย์,Kanthararom,22
3304,กันทรลักษ์,Kantharalak,22
3305,ขุขันธ์,Khukhan,22
3306,ไพรบึง,Phrai Bueng,22
3307,ปรางค์กู่,Prang Ku,22
3308,ขุนหาญ,Khun Han,22
3309,ราษีไศล,Rasi Salai,22
3310,อุทุมพรพิสัย,Uthumphon Phisai,22
3311,บึงบูรพ์,Bueng Bun,22
3312,ห้วยทับทัน,Huai Thap Than,22
3313,โนนคูณ,Non Khun,22
3314,ศรีรัตนะ,Si Rattana,22
3315,น้ำเกลี้ยง,Si Rattana,22
3316,วังหิน,Wang Hin,22
3317,ภูสิงห์,Phu Sing,22
3318,เมืองจันทร์,Mueang Chan,22
3319,เบญจลักษ์,Benchalak,22
3320,พยุห์,Phayu,22
3321,โพธิ์ศรีสุวรรณ,Pho Si Suwan,22
3322,ศิลาลาด,Sila Lat,22
3401,เมืองอุบลราชธานี,Mueang Ubon Ratchathani,23
3402,ศรีเมืองใหม่,Si Mueang Mai,23
3403,โขงเจียม,Khong Chiam,23
3404,เขื่องใน,Khueang Nai,23
3405,เขมราฐ,Khemarat,23
3406,*ชานุมาน,*Shanuman,23
3407,เดชอุดม,Det Udom,23
3408,นาจะหลวย,Na Chaluai,23
3409,น้ำยืน,Nam Yuen,23
3410,บุณฑริก,Buntharik,23
3411,ตระการพืชผล,Trakan Phuet Phon,23
3412,กุดข้าวปุ้น,Kut Khaopun,23
3413,*พนา,*Phana,23
3414,ม่วงสามสิบ,Muang Sam Sip,23
3415,วารินชำราบ,Warin Chamrap,23
3416,*อำนาจเจริญ,*Amnat Charoen,23
3417,*เสนางคนิคม,*Senangkhanikhom,23
3418,*หัวตะพาน,*Hua Taphan,23
3419,พิบูลมังสาหาร,Phibun Mangsahan,23
3420,ตาลสุม,Tan Sum,23
3421,โพธิ์ไทร,Pho Sai,23
3422,สำโรง,Samrong,23
3423,*กิ่งอำเภอลืออำนาจ,*King Amphoe Lue Amnat,23
3424,ดอนมดแดง,Don Mot Daeng,23
3425,สิรินธร,Sirindhorn,23
3426,ทุ่งศรีอุดม,Thung Si Udom,23
3427,*ปทุมราชวงศา,*Pathum Ratchawongsa,23
3428,*กิ่งอำเภอศรีหลักชัย,*King Amphoe Sri Lunk Chai,23
3429,นาเยีย,Na Yia,23
3430,นาตาล,Na Tan,23
3431,เหล่าเสือโก้ก,Lao Suea Kok,23
3432,สว่างวีระวงศ์,Sawang Wirawong,23
3433,น้ำขุ่น,Nam Khun,23
3481,*อ.สุวรรณวารี  จ.อุบลราชธานี,*Suwan Wari,23
3501,เมืองยโสธร,Mueang Yasothon,24
3502,ทรายมูล,Sai Mun,24
3503,กุดชุม,Kut Chum,24
3504,คำเขื่อนแก้ว,Kham Khuean Kaeo,24
3505,ป่าติ้ว,Pa Tio,24
3506,มหาชนะชัย,Maha Chana Chai,24
3507,ค้อวัง,Kho Wang,24
3508,เลิงนกทา,Loeng Nok Tha,24
3509,ไทยเจริญ,Thai Charoen,24
3601,เมืองชัยภูมิ,Mueang Chaiyaphum,25
3602,บ้านเขว้า,Ban Khwao,25
3603,คอนสวรรค์,Khon Sawan,25
3604,เกษตรสมบูรณ์,Kaset Sombun,25
3605,หนองบัวแดง,Nong Bua Daeng,25
3606,จัตุรัส,Chatturat,25
3607,บำเหน็จณรงค์,Bamnet Narong,25
3608,หนองบัวระเหว,Nong Bua Rawe,25
3609,เทพสถิต,Thep Sathit,25
3610,ภูเขียว,Phu Khiao,25
3611,บ้านแท่น,Ban Thaen,25
3612,แก้งคร้อ,Kaeng Khro,25
3613,คอนสาร,Khon San,25
3614,ภักดีชุมพล,Phakdi Chumphon,25
3615,เนินสง่า,Noen Sa-nga,25
3616,ซับใหญ่,Sap Yai,25
3651,เมืองชัยภูมิ (สาขาตำบลโนนสำราญ)*,Mueang Chaiyaphum(Non Sumran)*,25
3652,สาขาตำบลบ้านหว่าเฒ่า*,Ban Wha Tao*,25
3653,หนองบัวแดง (สาขาตำบลวังชมภู)*,Nong Bua Daeng,25
3654,กิ่งอำเภอซับใหญ่ (สาขาตำบลซับใหญ่)*,King Amphoe Sap Yai*,25
3655,สาขาตำบลโคกเพชร*,Coke Phet*,25
3656,เทพสถิต (สาขาตำบลนายางกลัก)*,Thep Sathit*,25
3657,บ้านแท่น (สาขาตำบลบ้านเต่า)*,Ban Thaen,25
3658,แก้งคร้อ (สาขาตำบลท่ามะไฟหวาน)*,Kaeng Khro*,25
3659,คอนสาร (สาขาตำบลโนนคูณ)*,Khon San*,25
3701,เมืองอำนาจเจริญ,Mueang Amnat Charoen,26
3702,ชานุมาน,Chanuman,26
3703,ปทุมราชวงศา,Pathum Ratchawongsa,26
3704,พนา,Phana,26
3705,เสนางคนิคม,Senangkhanikhom,26
3706,หัวตะพาน,Hua Taphan,26
3707,ลืออำนาจ,Lue Amnat,26
3901,เมืองหนองบัวลำภู,Mueang Nong Bua Lam Phu,27
3902,นากลาง,Na Klang,27
3903,โนนสัง,Non Sang,27
3904,ศรีบุญเรือง,Si Bun Rueang,27
3905,สุวรรณคูหา,Suwannakhuha,27
3906,นาวัง,Na Wang,27
4001,เมืองขอนแก่น,Mueang Khon Kaen,28
4002,บ้านฝาง,Ban Fang,28
4003,พระยืน,Phra Yuen,28
4004,หนองเรือ,Nong Ruea,28
4005,ชุมแพ,Chum Phae,28
4006,สีชมพู,Si Chomphu,28
4007,น้ำพอง,Nam Phong,28
4008,อุบลรัตน์,Ubolratana,28
4009,กระนวน,Kranuan,28
4010,บ้านไผ่,Ban Phai,28
4011,เปือยน้อย,Pueai Noi,28
4012,พล,Phon,28
4013,แวงใหญ่,Waeng Yai,28
4014,แวงน้อย,Waeng Noi,28
4015,หนองสองห้อง,Nong Song Hong,28
4016,ภูเวียง,Phu Wiang,28
4017,มัญจาคีรี,Mancha Khiri,28
4018,ชนบท,Chonnabot,28
4019,เขาสวนกวาง,Khao Suan Kwang,28
4020,ภูผาม่าน,Phu Pha Man,28
4021,ซำสูง,Sam Sung,28
4022,โคกโพธิ์ไชย,Khok Pho Chai,28
4023,หนองนาคำ,Nong Na Kham,28
4024,บ้านแฮด,Ban Haet,28
4025,โนนศิลา,Non Sila,28
4029,เวียงเก่า,Wiang Kao,28
4068,ท้องถิ่นเทศบาลตำบลบ้านเป็ด*,Ban Pet*,28
4098,เทศบาลตำบลเมืองพล*,Tet Saban Tambon Muang Phon*,28
4101,เมืองอุดรธานี,Mueang Udon Thani,29
4102,กุดจับ,Kut Chap,29
4103,หนองวัวซอ,Nong Wua So,29
4104,กุมภวาปี,Kumphawapi,29
4105,โนนสะอาด,Non Sa-at,29
4106,หนองหาน,Nong Han,29
4107,ทุ่งฝน,Thung Fon,29
4108,ไชยวาน,Chai Wan,29
4109,ศรีธาตุ,Si That,29
4110,วังสามหมอ,Wang Sam Mo,29
4111,บ้านดุง,Ban Dung,29
4112,*หนองบัวลำภู,*Nong Bua Lam Phu,29
4113,*ศรีบุญเรือง,*Si Bun Rueang,29
4114,*นากลาง,*Na Klang,29
4115,*สุวรรณคูหา,*Suwannakhuha,29
4116,*โนนสัง,*Non Sang,29
4117,บ้านผือ,Ban Phue,29
4118,น้ำโสม,Nam Som,29
4119,เพ็ญ,Phen,29
4120,สร้างคอม,Sang Khom,29
4121,หนองแสง,Nong Saeng,29
4122,นายูง,Na Yung,29
4123,พิบูลย์รักษ์,Phibun Rak,29
4124,กู่แก้ว,Ku Kaeo,29
4125,ประจักษ์ศิลปาคม,rachak-sinlapakhom,29
4201,เมืองเลย,Mueang Loei,30
4202,นาด้วง,Na Duang,30
4203,เชียงคาน,Chiang Khan,30
4204,ปากชม,Pak Chom,30
4205,ด่านซ้าย,Dan Sai,30
4206,นาแห้ว,Na Haeo,30
4207,ภูเรือ,Phu Ruea,30
4208,ท่าลี่,Tha Li,30
4209,วังสะพุง,Wang Saphung,30
4210,ภูกระดึง,Phu Kradueng,30
4211,ภูหลวง,Phu Luang,30
4212,ผาขาว,Pha Khao,30
4213,เอราวัณ,Erawan,30
4214,หนองหิน,Nong Hin,30
4301,เมืองหนองคาย,Mueang Nong Khai,31
4302,ท่าบ่อ,Tha Bo,31
4305,โพนพิสัย,Phon Phisai,31
4307,ศรีเชียงใหม่,Si Chiang Mai,31
4308,สังคม,Sangkhom,31
4314,สระใคร,Sakhrai,31
4315,เฝ้าไร่,Fao Rai,31
4316,รัตนวาปี,Rattanawapi,31
4317,โพธิ์ตาก,Pho Tak,31
4401,เมืองมหาสารคาม,Mueang Maha Sarakham,32
4402,แกดำ,Kae Dam,32
4403,โกสุมพิสัย,Kosum Phisai,32
4404,กันทรวิชัย,Kantharawichai,32
4405,เชียงยืน,Kantharawichai,32
4406,บรบือ,Borabue,32
4407,นาเชือก,Na Chueak,32
4408,พยัคฆภูมิพิสัย,Phayakkhaphum Phisai,32
4409,วาปีปทุม,Wapi Pathum,32
4410,นาดูน,Na Dun,32
4411,ยางสีสุราช,Yang Sisurat,32
4412,กุดรัง,Kut Rang,32
4413,ชื่นชม,Chuen Chom,32
4481,*หลุบ,*Lub,32
4501,เมืองร้อยเอ็ด,Mueang Roi Et,33
4502,เกษตรวิสัย,Kaset Wisai,33
4503,ปทุมรัตต์,Pathum Rat,33
4504,จตุรพักตรพิมาน,Chaturaphak Phiman,33
4505,ธวัชบุรี,Thawat Buri,33
4506,พนมไพร,Phanom Phrai,33
4507,โพนทอง,Phon Thong,33
4508,โพธิ์ชัย,Pho Chai,33
4509,หนองพอก,Nong Phok,33
4510,เสลภูมิ,Selaphum,33
4511,สุวรรณภูมิ,Suwannaphum,33
4512,เมืองสรวง,Mueang Suang,33
4513,โพนทราย,Phon Sai,33
4514,อาจสามารถ,At Samat,33
4515,เมยวดี,Moei Wadi,33
4516,ศรีสมเด็จ,Si Somdet,33
4517,จังหาร,Changhan,33
4518,เชียงขวัญ,Chiang Khwan,33
4519,หนองฮี,Nong Hi,33
4520,ทุ่งเขาหลวง,Thung Khao Luangกิ่,33
4601,เมืองกาฬสินธุ์,Mueang Kalasin,34
4602,นามน,Na Mon,34
4603,กมลาไสย,Kamalasai,34
4604,ร่องคำ,Rong Kham,34
4605,กุฉินารายณ์,Kuchinarai,34
4606,เขาวง,Khao Wong,34
4607,ยางตลาด,Yang Talat,34
4608,ห้วยเม็ก,Huai Mek,34
4609,สหัสขันธ์,Sahatsakhan,34
4610,คำม่วง,Kham Muang,34
4611,ท่าคันโท,Tha Khantho,34
4612,หนองกุงศรี,Nong Kung Si,34
4613,สมเด็จ,Somdet,34
4614,ห้วยผึ้ง,Huai Phueng,34
4615,สามชัย,Sam Chai,34
4616,นาคู,Na Khu,34
4617,ดอนจาน,Don Chan,34
4618,ฆ้องชัย,Khong Chai,34
4701,เมืองสกลนคร,Mueang Sakon Nakhon,35
4702,กุสุมาลย์,Kusuman,35
4703,กุดบาก,Kut Bak,35
4704,พรรณานิคม,Phanna Nikhom,35
4705,พังโคน,Phang Khon,35
4706,วาริชภูมิ,Waritchaphum,35
4707,นิคมน้ำอูน,Nikhom Nam Un,35
4708,วานรนิวาส,Wanon Niwat,35
4709,คำตากล้า,Kham Ta Kla,35
4710,บ้านม่วง,Ban Muang,35
4711,อากาศอำนวย,Akat Amnuai,35
4712,สว่างแดนดิน,Sawang Daen Din,35
4713,ส่องดาว,Song Dao,35
4714,เต่างอย,Tao Ngoi,35
4715,โคกศรีสุพรรณ,Khok Si Suphan,35
4716,เจริญศิลป์,Charoen Sin,35
4717,โพนนาแก้ว,Phon Na Kaeo,35
4718,ภูพาน,Phu Phan,35
4751,วานรนิวาส (สาขาตำบลกุดเรือคำ)*,Wanon Niwat,35
4781,*อ.บ้านหัน  จ.สกลนคร,*Banhan,35
4801,เมืองนครพนม,Mueang Nakhon Phanom,36
4802,ปลาปาก,Pla Pak,36
4803,ท่าอุเทน,Tha Uthen,36
4804,บ้านแพง,Ban Phaeng,36
4805,ธาตุพนม,That Phanom,36
4806,เรณูนคร,Renu Nakhon,36
4807,นาแก,Na Kae,36
4808,ศรีสงคราม,Si Songkhram,36
4809,นาหว้า,Na Wa,36
4810,โพนสวรรค์,Phon Sawan,36
4811,นาทม,Na Thom,36
4812,วังยาง,Wang Yang,36
4901,เมืองมุกดาหาร,Mueang Mukdahan,37
4902,นิคมคำสร้อย,Nikhom Kham Soi,37
4903,ดอนตาล,Don Tan,37
4904,ดงหลวง,Dong Luang,37
4905,คำชะอี,Khamcha-i,37
4906,หว้านใหญ่,Wan Yai,37
4907,หนองสูง,Nong Sung,37
5001,เมืองเชียงใหม่,Mueang Chiang Mai,38
5002,จอมทอง,Chom Thong,38
5003,แม่แจ่ม,Mae Chaem,38
5004,เชียงดาว,Chiang Dao,38
5005,ดอยสะเก็ด,Doi Saket,38
5006,แม่แตง,Mae Taeng,38
5007,แม่ริม,Mae Rim,38
5008,สะเมิง,Samoeng,38
5009,ฝาง,Fang,38
5010,แม่อาย,Mae Ai,38
5011,พร้าว,Phrao,38
5012,สันป่าตอง,San Pa Tong,38
5013,สันกำแพง,San Kamphaeng,38
5014,สันทราย,San Sai,38
5015,หางดง,Hang Dong,38
5016,ฮอด,Hot,38
5017,ดอยเต่า,Doi Tao,38
5018,อมก๋อย,Omkoi,38
5019,สารภี,Saraphi,38
5020,เวียงแหง,Wiang Haeng,38
5021,ไชยปราการ,Chai Prakan,38
5022,แม่วาง,Mae Wang,38
5023,แม่ออน,Mae On,38
5024,ดอยหล่อ,Doi Lo,38
5051,เทศบาลนครเชียงใหม่ (สาขาแขวงกาลวิละ)*,Tet Saban Nakorn Chiangmai(Kan lawi la)*,38
5052,เทศบาลนครเชียงใหม่ (สาขาแขวงศรีวิชั)*,Tet Saban Nakorn Chiangmai(Sri Wi)*,38
5053,เทศบาลนครเชียงใหม่ (สาขาเม็งราย)*,Tet Saban Nakorn Chiangmai(Meng Rai)*,38
5101,เมืองลำพูน,Mueang Lamphun,39
5102,แม่ทา,Mae Tha,39
5103,บ้านโฮ่ง,Ban Hong,39
5104,ลี้,Li,39
5105,ทุ่งหัวช้าง,Thung Hua Chang,39
5106,ป่าซาง,Pa Sang,39
5107,บ้านธิ,Ban Thi,39
5108,เวียงหนองล่อง,Wiang Nong Long,39
5201,เมืองลำปาง,Mueang Lampang,40
5202,แม่เมาะ,Mae Mo,40
5203,เกาะคา,Ko Kha,40
5204,เสริมงาม,Soem Ngam,40
5205,งาว,Ngao,40
5206,แจ้ห่ม,Chae Hom,40
5207,วังเหนือ,Wang Nuea,40
5208,เถิน,Thoen,40
5209,แม่พริก,Mae Phrik,40
5210,แม่ทะ,Mae Tha,40
5211,สบปราบ,Sop Prap,40
5212,ห้างฉัตร,Hang Chat,40
5213,เมืองปาน,Mueang Pan,40
5301,เมืองอุตรดิตถ์,Mueang Uttaradit,41
5302,ตรอน,Tron,41
5303,ท่าปลา,Tha Pla,41
5304,น้ำปาด,Nam Pat,41
5305,ฟากท่า,Fak Tha,41
5306,บ้านโคก,Ban Khok,41
5307,พิชัย,Phichai,41
5308,ลับแล,Laplae,41
5309,ทองแสนขัน,Thong Saen Khan,41
5401,เมืองแพร่,Mueang Phrae,42
5402,ร้องกวาง,Rong Kwang,42
5403,ลอง,Long,42
5404,สูงเม่น,Sung Men,42
5405,เด่นชัย,Den Chai,42
5406,สอง,Song,42
5407,วังชิ้น,Wang Chin,42
5408,หนองม่วงไข่,Nong Muang Khai,42
5501,เมืองน่าน,Mueang Nan,43
5502,แม่จริม,Mae Charim,43
5503,บ้านหลวง,Ban Luang,43
5504,นาน้อย,Na Noi,43
5505,ปัว,Pua,43
5506,ท่าวังผา,Tha Wang Pha,43
5507,เวียงสา,Wiang Sa,43
5508,ทุ่งช้าง,Thung Chang,43
5509,เชียงกลาง,Chiang Klang,43
5510,นาหมื่น,Na Muen,43
5511,สันติสุข,Santi Suk,43
5512,บ่อเกลือ,Bo Kluea,43
5513,สองแคว,Song Khwae,43
5514,ภูเพียง,Phu Phiang,43
5515,เฉลิมพระเกียรติ,Chaloem Phra Kiat,43
5601,เมืองพะเยา,Mueang Phayao,44
5602,จุน,Chun,44
5603,เชียงคำ,Chiang Kham,44
5604,เชียงม่วน,Chiang Muan,44
5605,ดอกคำใต้,Dok Khamtai,44
5606,ปง,Pong,44
5607,แม่ใจ,Mae Chai,44
5608,ภูซาง,Phu Sang,44
5609,ภูกามยาว,Phu Kamyao,44
5701,เมืองเชียงราย,Mueang Chiang Rai,45
5702,เวียงชัย,Wiang Chai,45
5703,เชียงของ,Chiang Khong,45
5704,เทิง,Thoeng,45
5705,พาน,Phan,45
5706,ป่าแดด,Pa Daet,45
5707,แม่จัน,Mae Chan,45
5708,เชียงแสน,Chiang Saen,45
5709,แม่สาย,Mae Sai,45
5710,แม่สรวย,Mae Suai,45
5711,เวียงป่าเป้า,Wiang Pa Pao,45
5712,พญาเม็งราย,Phaya Mengrai,45
5713,เวียงแก่น,Wiang Kaen,45
5714,ขุนตาล,Khun Tan,45
5715,แม่ฟ้าหลวง,Mae Fa Luang,45
5716,แม่ลาว,Mae Lao,45
5717,เวียงเชียงรุ้ง,Wiang Chiang Rung,45
5718,ดอยหลวง,Doi Luang,45
5801,เมืองแม่ฮ่องสอน,Mueang Mae Hong Son,46
5802,ขุนยวม,Khun Yuam,46
5803,ปาย,Pai,46
5804,แม่สะเรียง,Mae Sariang,46
5805,แม่ลาน้อย,Mae La Noi,46
5806,สบเมย,Sop Moei,46
5807,ปางมะผ้า,Pang Mapha,46
5881,*อ.ม่วยต่อ  จ.แม่ฮ่องสอน,Muen Tor,46
6001,เมืองนครสวรรค์,Mueang Nakhon Sawan,47
6002,โกรกพระ,Krok Phra,47
6003,ชุมแสง,Chum Saeng,47
6004,หนองบัว,Nong Bua,47
6005,บรรพตพิสัย,Banphot Phisai,47
6006,เก้าเลี้ยว,Kao Liao,47
6007,ตาคลี,Takhli,47
6008,ท่าตะโก,Takhli,47
6009,ไพศาลี,Phaisali,47
6010,พยุหะคีรี,Phayuha Khiri,47
6011,ลาดยาว,Phayuha Khiri,47
6012,ตากฟ้า,Tak Fa,47
6013,แม่วงก์,Mae Wong,47
6014,แม่เปิน,Mae Poen,47
6015,ชุมตาบง,Chum Ta Bong,47
6051,สาขาตำบลห้วยน้ำหอม*,Huen Nam Hom,47
6052,กิ่งอำเภอชุมตาบง (สาขาตำบลชุมตาบง)*,Chum Ta Bong,47
6053,แม่วงก์ (สาขาตำบลแม่เล่ย์)*,Mea Ley,47
6101,เมืองอุทัยธานี,Mueang Uthai Thani,48
6102,ทัพทัน,Thap Than,48
6103,สว่างอารมณ์,Sawang Arom,48
6104,หนองฉาง,Nong Chang,48
6105,หนองขาหย่าง,Nong Khayang,48
6106,บ้านไร่,Ban Rai,48
6107,ลานสัก,Lan Sak,48
6108,ห้วยคต,Huai Khot,48
6201,เมืองกำแพงเพชร,Mueang Kamphaeng Phet,49
6202,ไทรงาม,Sai Ngam,49
6203,คลองลาน,Khlong Lan,49
6204,ขาณุวรลักษบุรี,Khanu Woralaksaburi,49
6205,คลองขลุง,Khlong Khlung,49
6206,พรานกระต่าย,Phran Kratai,49
6207,ลานกระบือ,Lan Krabue,49
6208,ทรายทองวัฒนา,Sai Thong Watthana,49
6209,ปางศิลาทอง,Pang Sila Thong,49
6210,บึงสามัคคี,Bueng Samakkhi,49
6211,โกสัมพีนคร,Kosamphi Nakhon,49
6301,เมืองตาก,Mueang Tak,50
6302,บ้านตาก,Ban Tak,50
6303,สามเงา,Sam Ngao,50
6304,แม่ระมาด,Mae Ramat,50
6305,ท่าสองยาง,Tha Song Yang,50
6306,แม่สอด,Mae Sot,50
6307,พบพระ,Phop Phra,50
6308,อุ้มผาง,Umphang,50
6309,วังเจ้า,Wang Chao,50
6381,*กิ่ง อ.ท่าปุย  จ.ตาก,*King Ta Pui,50
6401,เมืองสุโขทัย,Mueang Sukhothai,51
6402,บ้านด่านลานหอย,Ban Dan Lan Hoi,51
6403,คีรีมาศ,Khiri Mat,51
6404,กงไกรลาศ,Kong Krailat,51
6405,ศรีสัชนาลัย,Si Satchanalai,51
6406,ศรีสำโรง,Si Samrong,51
6407,สวรรคโลก,Sawankhalok,51
6408,ศรีนคร,Si Nakhon,51
6409,ทุ่งเสลี่ยม,Thung Saliam,51
6501,เมืองพิษณุโลก,Mueang Phitsanulok,52
6502,นครไทย,Nakhon Thai,52
6503,ชาติตระการ,Chat Trakan,52
6504,บางระกำ,Bang Rakam,52
6505,บางกระทุ่ม,Bang Krathum,52
6506,พรหมพิราม,Phrom Phiram,52
6507,วัดโบสถ์,Wat Bot,52
6508,วังทอง,Wang Thong,52
6509,เนินมะปราง,Noen Maprang,52
6601,เมืองพิจิตร,Mueang Phichit,53
6602,วังทรายพูน,Wang Sai Phun,53
6603,โพธิ์ประทับช้าง,Pho Prathap Chang,53
6604,ตะพานหิน,Taphan Hin,53
6605,บางมูลนาก,Bang Mun Nak,53
6606,โพทะเล,Pho Thale,53
6607,สามง่าม,Sam Ngam,53
6608,ทับคล้อ,Tap Khlo,53
6609,สากเหล็ก,Sak Lek,53
6610,บึงนาราง,Bueng Na Rang,53
6611,ดงเจริญ,Dong Charoen,53
6612,วชิรบารมี,Wachirabarami,53
6701,เมืองเพชรบูรณ์,Mueang Phetchabun,54
6702,ชนแดน,Chon Daen,54
6703,หล่มสัก,Lom Sak,54
6704,หล่มเก่า,Lom Kao,54
6705,วิเชียรบุรี,Wichian Buri,54
6706,ศรีเทพ,Si Thep,54
6707,หนองไผ่,Nong Phai,54
6708,บึงสามพัน,Bueng Sam Phan,54
6709,น้ำหนาว,Nam Nao,54
6710,วังโป่ง,Wang Pong,54
6711,เขาค้อ,Khao Kho,54
7001,เมืองราชบุรี,Mueang Ratchaburi,55
7002,จอมบึง,Chom Bueng,55
7003,สวนผึ้ง,Suan Phueng,55
7004,ดำเนินสะดวก,Damnoen Saduak,55
7005,บ้านโป่ง,Ban Pong,55
7006,บางแพ,Bang Phae,55
7007,โพธาราม,Photharam,55
7008,ปากท่อ,Pak Tho,55
7009,วัดเพลง,Wat Phleng,55
7010,บ้านคา,Ban Kha,55
7074,ท้องถิ่นเทศบาลตำบลบ้านฆ้อง,Tet Saban Ban Kong,55
7101,เมืองกาญจนบุรี,Mueang Kanchanaburi,56
7102,ไทรโยค,Sai Yok,56
7103,บ่อพลอย,Bo Phloi,56
7104,ศรีสวัสดิ์,Si Sawat,56
7105,ท่ามะกา,Tha Maka,56
7106,ท่าม่วง,Tha Muang,56
7107,ทองผาภูมิ,Pha Phum,56
7108,สังขละบุรี,Sangkhla Buri,56
7109,พนมทวน,Phanom Thuan,56
7110,เลาขวัญ,Lao Khwan,56
7111,ด่านมะขามเตี้ย,Dan Makham Tia,56
7112,หนองปรือ,Nong Prue,56
7113,ห้วยกระเจา,Huai Krachao,56
7151,สาขาตำบลท่ากระดาน*,Tha Kra Dan,56
7181,*บ้านทวน  จ.กาญจนบุรี,*Ban Tuan,56
7201,เมืองสุพรรณบุรี,Mueang Suphan Buri,57
7202,เดิมบางนางบวช,Doem Bang Nang Buat,57
7203,ด่านช้าง,Dan Chang,57
7204,บางปลาม้า,Bang Pla Ma,57
7205,ศรีประจันต์,Si Prachan,57
7206,ดอนเจดีย์,Don Chedi,57
7207,สองพี่น้อง,Song Phi Nong,57
7208,สามชุก,Sam Chuk,57
7209,อู่ทอง,U Thong,57
7210,หนองหญ้าไซ,Nong Ya Sai,57
7301,เมืองนครปฐม,Mueang Nakhon Pathom,58
7302,กำแพงแสน,Kamphaeng Saen,58
7303,นครชัยศรี,Nakhon Chai Si,58
7304,ดอนตูม,Don Tum,58
7305,บางเลน,Bang Len,58
7306,สามพราน,Sam Phran,58
7307,พุทธมณฑล,Phutthamonthon,58
7401,เมืองสมุทรสาคร,Mueang Samut Sakhon,59
7402,กระทุ่มแบน,Krathum Baen,59
7403,บ้านแพ้ว,Ban Phaeo,59
7501,เมืองสมุทรสงคราม,Mueang Samut Songkhram,60
7502,บางคนที,Bang Khonthi,60
7503,อัมพวา,Amphawa,60
7601,เมืองเพชรบุรี,Mueang Phetchaburi,61
7602,เขาย้อย,Khao Yoi,61
7603,หนองหญ้าปล้อง,Nong Ya Plong,61
7604,ชะอำ,Cha-am,61
7605,ท่ายาง,Tha Yang,61
7606,บ้านลาด,Ban Lat,61
7607,บ้านแหลม,Ban Laem,61
7608,แก่งกระจาน,Kaeng Krachan,61
7701,เมืองประจวบคีรีขันธ์,Mueang Prachuap Khiri Khan,62
7702,กุยบุรี,Kui Buri,62
7703,ทับสะแก,Thap Sakae,62
7704,บางสะพาน,Bang Saphan,62
7705,บางสะพานน้อย,Bang Saphan Noi,62
7706,ปราณบุรี,Pran Buri,62
7707,หัวหิน,Hua Hin,62
7708,สามร้อยยอด,Sam Roi Yot,62
8001,เมืองนครศรีธรรมราช,Mueang Nakhon Si Thammarat,63
8002,พรหมคีรี,Phrom Khiri,63
8003,ลานสกา,Lan Saka,63
8004,ฉวาง,Chawang,63
8005,พิปูน,Phipun,63
8006,เชียรใหญ่,Chian Yai,63
8007,ชะอวด,Cha-uat,63
8008,ท่าศาลา,Tha Sala,63
8009,ทุ่งสง,Thung Song,63
8010,นาบอน,Na Bon,63
8011,ทุ่งใหญ่,Thung Yai,63
8012,ปากพนัง,Pak Phanang,63
8013,ร่อนพิบูลย์,Ron Phibun,63
8014,สิชล,Sichon,63
8015,ขนอม,Khanom,63
8016,หัวไทร,Hua Sai,63
8017,บางขัน,Bang Khan,63
8018,ถ้ำพรรณรา,Tham Phannara,63
8019,จุฬาภรณ์,Chulabhorn,63
8020,พระพรหม,Phra Phrom,63
8021,นบพิตำ,Nopphitam,63
8022,ช้างกลาง,Chang Klang,63
8023,เฉลิมพระเกียรติ,Chaloem Phra Kiat,63
8051,เชียรใหญ่ (สาขาตำบลเสือหึง)*,Chian Yai*,63
8052,สาขาตำบลสวนหลวง**,Suan Luang,63
8053,ร่อนพิบูลย์ (สาขาตำบลหินตก)*,Ron Phibun,63
8054,หัวไทร (สาขาตำบลควนชะลิก)*,Hua Sai,63
8055,ทุ่งสง (สาขาตำบลกะปาง)*,Thung Song,63
8101,เมืองกระบี่,Mueang Krabi,64
8102,เขาพนม,Khao Phanom,64
8103,เกาะลันตา,Ko Lanta,64
8104,คลองท่อม,Khlong Thom,64
8105,อ่าวลึก,Ao Luek,64
8106,ปลายพระยา,Plai Phraya,64
8107,ลำทับ,Lam Thap,64
8108,เหนือคลอง,Nuea Khlong,64
8201,เมืองพังงา,Mueang Phang-nga,65
8202,เกาะยาว,Ko Yao,65
8203,กะปง,Kapong,65
8204,ตะกั่วทุ่ง,Takua Thung,65
8205,ตะกั่วป่า,Takua Pa,65
8206,คุระบุรี,Khura Buri,65
8207,ทับปุด,Thap Put,65
8208,ท้ายเหมือง,Thai Mueang,65
8301,เมืองภูเก็ต,Mueang Phuket,66
8302,กะทู้,Kathu,66
8303,ถลาง,Thalang,66
8381,*ทุ่งคา,*Tung Ka,66
8401,เมืองสุราษฎร์ธานี,Mueang Surat Thani,67
8402,กาญจนดิษฐ์,Kanchanadit,67
8403,ดอนสัก,Don Sak,67
8404,เกาะสมุย,Ko Samui,67
8405,เกาะพะงัน,Ko Pha-ngan,67
8406,ไชยา,Chaiya,67
8407,ท่าชนะ,Tha Chana,67
8408,คีรีรัฐนิคม,Khiri Rat Nikhom,67
8409,บ้านตาขุน,Ban Ta Khun,67
8410,พนม,Phanom,67
8411,ท่าฉาง,Tha Chang,67
8412,บ้านนาสาร,Ban Na San,67
8413,บ้านนาเดิม,Ban Na Doem,67
8414,เคียนซา,Khian Sa,67
8415,เวียงสระ,Wiang Sa,67
8416,พระแสง,Phrasaeng,67
8417,พุนพิน,Phunphin,67
8418,ชัยบุรี,Chai Buri,67
8419,วิภาวดี,Vibhavadi,67
8451,เกาะพงัน (สาขาตำบลเกาะเต่า)*,Ko Pha-ngan,67
8481,*อ.บ้านดอน  จ.สุราษฎร์ธานี,*Ban Don,67
8501,เมืองระนอง,Mueang Ranong,68
8502,ละอุ่น,La-un,68
8503,กะเปอร์,Kapoe,68
8504,กระบุรี,Kra Buri,68
8505,สุขสำราญ,Suk Samran,68
8601,เมืองชุมพร,Mueang Chumphon,69
8602,ท่าแซะ,Tha Sae,69
8603,ปะทิว,Pathio,69
8604,หลังสวน,Lang Suan,69
8605,ละแม,Lamae,69
8606,พะโต๊ะ,Phato,69
8607,สวี,Sawi,69
8608,ทุ่งตะโก,Thung Tako,69
9001,เมืองสงขลา,Mueang Songkhla,70
9002,สทิงพระ,Sathing Phra,70
9003,จะนะ,Chana,70
9004,นาทวี,Na Thawi,70
9005,เทพา,Thepha,70
9006,สะบ้าย้อย,Saba Yoi,70
9007,ระโนด,Ranot,70
9008,กระแสสินธุ์,Krasae Sin,70
9009,รัตภูมิ,Rattaphum,70
9010,สะเดา,Sadao,70
9011,หาดใหญ่,Hat Yai,70
9012,นาหม่อม,Na Mom,70
9013,ควนเนียง,Khuan Niang,70
9014,บางกล่ำ,Bang Klam,70
9015,สิงหนคร,Singhanakhon,70
9016,คลองหอยโข่ง,Khlong Hoi Khong,70
9077,ท้องถิ่นเทศบาลตำบลสำนักขาม,Sum Nung Kam,70
9096,เทศบาลตำบลบ้านพรุ*,Ban Pru*,70
9101,เมืองสตูล,Mueang Satun,71
9102,ควนโดน,Khuan Don,71
9103,ควนกาหลง,Khuan Kalong,71
9104,ท่าแพ,Tha Phae,71
9105,ละงู,La-ngu,71
9106,ทุ่งหว้า,Thung Wa,71
9107,มะนัง,Manang,71
9201,เมืองตรัง,Mueang Trang,72
9202,กันตัง,Kantang,72
9203,ย่านตาขาว,Yan Ta Khao,72
9204,ปะเหลียน,Palian,72
9205,สิเกา,Sikao,72
9206,ห้วยยอด,Huai Yot,72
9207,วังวิเศษ,Wang Wiset,72
9208,นาโยง,Na Yong,72
9209,รัษฎา,Ratsada,72
9210,หาดสำราญ,Hat Samran,72
9251,อำเภอเมืองตรัง(สาขาคลองเต็ง)**,Mueang Trang(Krong Teng)**,72
9301,เมืองพัทลุง,Mueang Phatthalung,73
9302,กงหรา,Kong Ra,73
9303,เขาชัยสน,Khao Chaison,73
9304,ตะโหมด,Tamot,73
9305,ควนขนุน,Khuan Khanun,73
9306,ปากพะยูน,Pak Phayun,73
9307,ศรีบรรพต,Si Banphot,73
9308,ป่าบอน,Pa Bon,73
9309,บางแก้ว,Bang Kaeo,73
9310,ป่าพะยอม,Pa Phayom,73
9311,ศรีนครินทร์,Srinagarindra,73
9401,เมืองปัตตานี,Mueang Pattani,74
9402,โคกโพธิ์,Khok Pho,74
9403,หนองจิก,Nong Chik,74
9404,ปะนาเระ,Panare,74
9405,มายอ,Mayo,74
9406,ทุ่งยางแดง,Thung Yang Daeng,74
9407,สายบุรี,Sai Buri,74
9408,ไม้แก่น,Mai Kaen,74
9409,ยะหริ่ง,Yaring,74
9410,ยะรัง,Yarang,74
9411,กะพ้อ,Kapho,74
9412,แม่ลาน,Mae Lan,74
9501,เมืองยะลา,Mueang Yala,75
9502,เบตง,Betong,75
9503,บันนังสตา,Bannang Sata,75
9504,ธารโต,Than To,75
9505,ยะหา,Yaha,75
9506,รามัน,Raman,75
9507,กาบัง,Kabang,75
9508,กรงปินัง,Krong Pinang,75
9601,เมืองนราธิวาส,Mueang Narathiwat,76
9602,ตากใบ,Tak Bai,76
9603,บาเจาะ,Bacho,76
9604,ยี่งอ,Yi-ngo,76
9605,ระแงะ,Ra-ngae,76
9606,รือเสาะ,Rueso,76
9607,ศรีสาคร,Si Sakhon,76
9608,แว้ง,Waeng,76
9609,สุคิริน,Sukhirin,76
9610,สุไหงโก-ลก,Su-ngai Kolok,76
9611,สุไหงปาดี,Su-ngai Padi,76
9612,จะแนะ,Chanae,76
9613,เจาะไอร้อง,Cho-airong,76
9681,*อ.บางนรา  จ.นราธิวาส,*Bang Nra,76
3807,ปากคาด,Pak Khat,77
3806,บึงโขงหลง,Bueng Khong Long,77
3805,ศรีวิไล,Si Wilai,77
3804,พรเจริญ,Phon Charoen,77
3803,โซ่พิสัย,So Phisai,77
3802,เซกา,Seka,77
3801,เมืองบึงกาฬ,Mueang Bueng Kan,77
3808,บุ่งคล้า,Bung Khla,77
